source_excel_row,source_time,template_label,A_interval,B_civil_interval,B_is_next_day_periodic_equivalent
2,00:10,0:10-0:20,00:00-00:10,00:10-00:20,False
3,00:20,0:20-0:30,00:10-00:20,00:20-00:30,False
4,00:30,0:30-0:40,00:20-00:30,00:30-00:40,False
5,00:40,0:40-0:50,00:30-00:40,00:40-00:50,False
6,00:50,0:50-1:00,00:40-00:50,00:50-01:00,False
7,01:00,1:00-1:10,00:50-01:00,01:00-01:10,False
8,01:10,1:10-1:20,01:00-01:10,01:10-01:20,False
9,01:20,1:20-1:30,01:10-01:20,01:20-01:30,False
10,01:30,1:30-1:40,01:20-01:30,01:30-01:40,False
11,01:40,1:40-1:50,01:30-01:40,01:40-01:50,False
12,01:50,1:50-2:00,01:40-01:50,01:50-02:00,False
13,02:00,2:00-2:10,01:50-02:00,02:00-02:10,False
14,02:10,2:10-2:20,02:00-02:10,02:10-02:20,False
15,02:20,2:20-2:30,02:10-02:20,02:20-02:30,False
16,02:30,2:30-2:40,02:20-02:30,02:30-02:40,False
17,02:40,2:40-2:50,02:30-02:40,02:40-02:50,False
18,02:50,2:50-3:00,02:40-02:50,02:50-03:00,False
19,03:00,3:00-3:10,02:50-03:00,03:00-03:10,False
20,03:10,3:10-3:20,03:00-03:10,03:10-03:20,False
21,03:20,3:20-3:30,03:10-03:20,03:20-03:30,False
22,03:30,3:30-3:40,03:20-03:30,03:30-03:40,False
23,03:40,3:40-3:50,03:30-03:40,03:40-03:50,False
24,03:50,3:50-4:00,03:40-03:50,03:50-04:00,False
25,04:00,4:00-4:10,03:50-04:00,04:00-04:10,False
26,04:10,4:10-4:20,04:00-04:10,04:10-04:20,False
27,04:20,4:20-4:30,04:10-04:20,04:20-04:30,False
28,04:30,4:30-4:40,04:20-04:30,04:30-04:40,False
29,04:40,4:40-4:50,04:30-04:40,04:40-04:50,False
30,04:50,4:50-5:00,04:40-04:50,04:50-05:00,False
31,05:00,5:00-5:10,04:50-05:00,05:00-05:10,False
32,05:10,5:10-5:20,05:00-05:10,05:10-05:20,False
33,05:20,5:20-5:30,05:10-05:20,05:20-05:30,False
34,05:30,5:30-5:40,05:20-05:30,05:30-05:40,False
35,05:40,5:40-5:50,05:30-05:40,05:40-05:50,False
36,05:50,5:50-6:00,05:40-05:50,05:50-06:00,False
37,06:00,6:00-6:10,05:50-06:00,06:00-06:10,False
38,06:10,6:10-6:20,06:00-06:10,06:10-06:20,False
39,06:20,6:20-6:30,06:10-06:20,06:20-06:30,False
40,06:30,6:30-6:40,06:20-06:30,06:30-06:40,False
41,06:40,6:40-6:50,06:30-06:40,06:40-06:50,False
42,06:50,6:50-7:00,06:40-06:50,06:50-07:00,False
43,07:00,7:00-7:10,06:50-07:00,07:00-07:10,False
44,07:10,7:10-7:20,07:00-07:10,07:10-07:20,False
45,07:20,7:20-7:30,07:10-07:20,07:20-07:30,False
46,07:30,7:30-7:40,07:20-07:30,07:30-07:40,False
47,07:40,7:40-7:50,07:30-07:40,07:40-07:50,False
48,07:50,7:50-8:00,07:40-07:50,07:50-08:00,False
49,08:00,8:00-8:10,07:50-08:00,08:00-08:10,False
50,08:10,8:10-8:20,08:00-08:10,08:10-08:20,False
51,08:20,8:20-8:30,08:10-08:20,08:20-08:30,False
52,08:30,8:30-8:40,08:20-08:30,08:30-08:40,False
53,08:40,8:40-8:50,08:30-08:40,08:40-08:50,False
54,08:50,8:50-9:00,08:40-08:50,08:50-09:00,False
55,09:00,9:00-9:10,08:50-09:00,09:00-09:10,False
56,09:10,9:10-9:20,09:00-09:10,09:10-09:20,False
57,09:20,9:20-9:30,09:10-09:20,09:20-09:30,False
58,09:30,9:30-9:40,09:20-09:30,09:30-09:40,False
59,09:40,9:40-9:50,09:30-09:40,09:40-09:50,False
60,09:50,9:50-10:00,09:40-09:50,09:50-10:00,False
61,10:00,10:00-10:10,09:50-10:00,10:00-10:10,False
62,10:10,10:10-10:20,10:00-10:10,10:10-10:20,False
63,10:20,10:20-10:30,10:10-10:20,10:20-10:30,False
64,10:30,10:30-10:40,10:20-10:30,10:30-10:40,False
65,10:40,10:40-10:50,10:30-10:40,10:40-10:50,False
66,10:50,10:50-11:00,10:40-10:50,10:50-11:00,False
67,11:00,11:00-11:10,10:50-11:00,11:00-11:10,False
68,11:10,11:10-11:20,11:00-11:10,11:10-11:20,False
69,11:20,11:20-11:30,11:10-11:20,11:20-11:30,False
70,11:30,11:30-11:40,11:20-11:30,11:30-11:40,False
71,11:40,11:40-11:50,11:30-11:40,11:40-11:50,False
72,11:50,11:50-12:00,11:40-11:50,11:50-12:00,False
73,12:00,12:00-12:10,11:50-12:00,12:00-12:10,False
74,12:10,12:10-12:20,12:00-12:10,12:10-12:20,False
75,12:20,12:20-12:30,12:10-12:20,12:20-12:30,False
76,12:30,12:30-12:40,12:20-12:30,12:30-12:40,False
77,12:40,12:40-12:50,12:30-12:40,12:40-12:50,False
78,12:50,12:50-13:00,12:40-12:50,12:50-13:00,False
79,13:00,13:00-13:10,12:50-13:00,13:00-13:10,False
80,13:10,13:10-13:20,13:00-13:10,13:10-13:20,False
81,13:20,13:20-13:30,13:10-13:20,13:20-13:30,False
82,13:30,13:30-13:40,13:20-13:30,13:30-13:40,False
83,13:40,13:40-13:50,13:30-13:40,13:40-13:50,False
84,13:50,13:50-14:00,13:40-13:50,13:50-14:00,False
85,14:00,14:00-14:10,13:50-14:00,14:00-14:10,False
86,14:10,14:10-14:20,14:00-14:10,14:10-14:20,False
87,14:20,14:20-14:30,14:10-14:20,14:20-14:30,False
88,14:30,14:30-14:40,14:20-14:30,14:30-14:40,False
89,14:40,14:40-14:50,14:30-14:40,14:40-14:50,False
90,14:50,14:50-15:00,14:40-14:50,14:50-15:00,False
91,15:00,15:00-15:10,14:50-15:00,15:00-15:10,False
92,15:10,15:10-15:20,15:00-15:10,15:10-15:20,False
93,15:20,15:20-15:30,15:10-15:20,15:20-15:30,False
94,15:30,15:30-15:40,15:20-15:30,15:30-15:40,False
95,15:40,15:40-15:50,15:30-15:40,15:40-15:50,False
96,15:50,15:50-16:00,15:40-15:50,15:50-16:00,False
97,16:00,16:00-16:10,15:50-16:00,16:00-16:10,False
98,16:10,16:10-16:20,16:00-16:10,16:10-16:20,False
99,16:20,16:20-16:30,16:10-16:20,16:20-16:30,False
100,16:30,16:30-16:40,16:20-16:30,16:30-16:40,False
101,16:40,16:40-16:50,16:30-16:40,16:40-16:50,False
102,16:50,16:50-17:00,16:40-16:50,16:50-17:00,False
103,17:00,17:00-17:10,16:50-17:00,17:00-17:10,False
104,17:10,17:10-17:20,17:00-17:10,17:10-17:20,False
105,17:20,17:20-17:30,17:10-17:20,17:20-17:30,False
106,17:30,17:30-17:40,17:20-17:30,17:30-17:40,False
107,17:40,17:40-17:50,17:30-17:40,17:40-17:50,False
108,17:50,17:50-18:00,17:40-17:50,17:50-18:00,False
109,18:00,18:00-18:10,17:50-18:00,18:00-18:10,False
110,18:10,18:10-18:20,18:00-18:10,18:10-18:20,False
111,18:20,18:20-18:30,18:10-18:20,18:20-18:30,False
112,18:30,18:30-18:40,18:20-18:30,18:30-18:40,False
113,18:40,18:40-18:50,18:30-18:40,18:40-18:50,False
114,18:50,18:50-19:00,18:40-18:50,18:50-19:00,False
115,19:00,19:00-19:10,18:50-19:00,19:00-19:10,False
116,19:10,19:10-19:20,19:00-19:10,19:10-19:20,False
117,19:20,19:20-19:30,19:10-19:20,19:20-19:30,False
118,19:30,19:30-19:40,19:20-19:30,19:30-19:40,False
119,19:40,19:40-19:50,19:30-19:40,19:40-19:50,False
120,19:50,19:50-20:00,19:40-19:50,19:50-20:00,False
121,20:00,20:00-20:10,19:50-20:00,20:00-20:10,False
122,20:10,20:10-20:20,20:00-20:10,20:10-20:20,False
123,20:20,20:20-20:30,20:10-20:20,20:20-20:30,False
124,20:30,20:30-20:40,20:20-20:30,20:30-20:40,False
125,20:40,20:40-20:50,20:30-20:40,20:40-20:50,False
126,20:50,20:50-21:00,20:40-20:50,20:50-21:00,False
127,21:00,21:00-21:10,20:50-21:00,21:00-21:10,False
128,21:10,21:10-21:20,21:00-21:10,21:10-21:20,False
129,21:20,21:20-21:30,21:10-21:20,21:20-21:30,False
130,21:30,21:30-21:40,21:20-21:30,21:30-21:40,False
131,21:40,21:40-21:50,21:30-21:40,21:40-21:50,False
132,21:50,21:50-22:00,21:40-21:50,21:50-22:00,False
133,22:00,22:00-22:10,21:50-22:00,22:00-22:10,False
134,22:10,22:10-22:20,22:00-22:10,22:10-22:20,False
135,22:20,22:20-22:30,22:10-22:20,22:20-22:30,False
136,22:30,22:30-22:40,22:20-22:30,22:30-22:40,False
137,22:40,22:40-22:50,22:30-22:40,22:40-22:50,False
138,22:50,22:50-23:00,22:40-22:50,22:50-23:00,False
139,23:00,23:00-23:10,22:50-23:00,23:00-23:10,False
140,23:10,23:10-23:20,23:00-23:10,23:10-23:20,False
141,23:20,23:20-23:30,23:10-23:20,23:20-23:30,False
142,23:30,23:30-23:40,23:20-23:30,23:30-23:40,False
143,23:40,23:40-23:50,23:30-23:40,23:40-23:50,False
144,23:50,23:50-0:00+1,23:40-23:50,23:50-24:00,False
145,24:00,0:00+1-0:10+1,23:50-24:00,00:00-00:10,True
