mapping,time_label,template_time_label,source_excel_row,source_time,civil_start_minute,price_yuan_per_kwh,load_kwh,pv_kwh,purchase_kwh,charge_kwh,discharge_kwh,curtailment_kwh,soc_start_kwh,soc_end_kwh
A,00:00-00:10,,2,00:10,0,0.4248,573.3077666666666,0.0,1406.6410999999998,833.3333333333334,0.0,0.0,6000.0,6750.0
A,00:10-00:20,,3,00:20,10,0.4245,572.9965333333333,0.0,1406.3298666666667,833.3333333333334,0.0,0.0,6750.0,7500.0
A,00:20-00:30,,4,00:30,20,0.4269,574.0505166666667,0.0,1407.3838500000002,833.3333333333334,0.0,0.0,7500.0,8250.0
A,00:30-00:40,,5,00:40,30,0.4272,575.7406166666666,0.0,1409.07395,833.3333333333334,0.0,0.0,8250.0,9000.0
A,00:40-00:50,,6,00:50,40,0.4271,576.4712166666666,0.0,1409.8045499999998,833.3333333333334,0.0,0.0,9000.0,9750.0
A,00:50-01:00,,7,01:00,50,0.4285,576.6400166666666,0.0,576.6400166666666,0.0,0.0,0.0,9750.0,9750.0
A,01:00-01:10,,8,01:10,60,0.4311,577.8597,0.0,577.8597,0.0,0.0,0.0,9750.0,9750.0
A,01:10-01:20,,9,01:20,70,0.4302,577.9938666666667,0.0,577.9938666666667,0.0,0.0,0.0,9750.0,9750.0
A,01:20-01:30,,10,01:30,80,0.4279,577.82805,0.0,911.1613833333333,333.3333333333333,0.0,0.0,9750.0,10050.0
A,01:30-01:40,,11,01:40,90,0.4312,580.41545,0.0,580.41545,0.0,0.0,0.0,10050.0,10050.0
A,01:40-01:50,,12,01:50,100,0.4333,582.5140166666666,0.0,582.5140166666666,0.0,0.0,0.0,10050.0,10050.0
A,01:50-02:00,,13,02:00,110,0.4311,583.0740499999999,0.0,583.0740499999999,0.0,0.0,0.0,10050.0,10050.0
A,02:00-02:10,,14,02:10,120,0.4293,584.2049166666666,0.0,584.2049166666666,0.0,0.0,0.0,10050.0,10050.0
A,02:10-02:20,,15,02:20,130,0.4324,585.4397833333333,0.0,585.4397833333333,0.0,0.0,0.0,10050.0,10050.0
A,02:20-02:30,,16,02:30,140,0.4367,586.1447499999999,0.0,586.1447499999999,0.0,0.0,0.0,10050.0,10050.0
A,02:30-02:40,,17,02:40,150,0.4348,586.3207666666666,0.0,586.3207666666666,0.0,0.0,0.0,10050.0,10050.0
A,02:40-02:50,,18,02:50,160,0.4335,586.4253,0.0,586.4253,0.0,0.0,0.0,10050.0,10050.0
A,02:50-03:00,,19,03:00,170,0.4357,586.8496,0.0,586.8496,0.0,0.0,0.0,10050.0,10050.0
A,03:00-03:10,,20,03:10,180,0.4374,587.8210166666667,0.0,587.8210166666667,0.0,0.0,0.0,10050.0,10050.0
A,03:10-03:20,,21,03:20,190,0.4371,589.5475666666666,0.0,589.5475666666666,0.0,0.0,0.0,10050.0,10050.0
A,03:20-03:30,,22,03:30,200,0.4356,590.8134666666666,0.0,590.8134666666666,0.0,0.0,0.0,10050.0,10050.0
A,03:30-03:40,,23,03:40,210,0.4353,590.2131166666666,0.0,590.2131166666666,0.0,0.0,0.0,10050.0,10050.0
A,03:40-03:50,,24,03:50,220,0.436,591.0662666666666,0.0,591.0662666666666,0.0,0.0,0.0,10050.0,10050.0
A,03:50-04:00,,25,04:00,230,0.4378,593.3678333333332,0.0,593.3678333333332,0.0,0.0,0.0,10050.0,10050.0
A,04:00-04:10,,26,04:10,240,0.4401,593.6596833333333,0.0,593.6596833333333,0.0,0.0,0.0,10050.0,10050.0
A,04:10-04:20,,27,04:20,250,0.4389,592.7863833333333,0.0,592.7863833333333,0.0,0.0,0.0,10050.0,10050.0
A,04:20-04:30,,28,04:30,260,0.4364,593.3378666666666,0.0,593.3378666666666,0.0,0.0,0.0,10050.0,10050.0
A,04:30-04:40,,29,04:40,270,0.4393,596.7756666666667,0.0999,596.6757666666666,0.0,0.0,0.0,10050.0,10050.0
A,04:40-04:50,,30,04:50,280,0.4422,597.8193333333334,0.03908333333333333,597.78025,0.0,0.0,0.0,10050.0,10050.0
A,04:50-05:00,,31,05:00,290,0.4395,595.2105833333333,0.048083333333333325,595.1624999999999,0.0,0.0,0.0,10050.0,10050.0
A,05:00-05:10,,32,05:10,300,0.4333,593.7195166666667,3.1130166666666668,590.6065,0.0,0.0,0.0,10050.0,10050.0
A,05:10-05:20,,33,05:20,310,0.4439,598.5634833333334,9.078299999999999,589.4851833333333,0.0,0.0,0.0,10050.0,10050.0
A,05:20-05:30,,34,05:30,320,0.4301,596.6174166666666,18.161966666666665,578.4554499999999,0.0,0.0,0.0,10050.0,10050.0
A,05:30-05:40,,35,05:40,330,0.3713,581.0198333333333,30.693383333333333,1383.6597833333333,833.3333333333334,0.0,0.0,10050.0,10800.0
A,05:40-05:50,,36,05:50,340,0.5708,637.3165666666666,46.17636666666667,591.1401999999999,0.0,0.0,0.0,10800.0,10800.0
A,05:50-06:00,,37,06:00,350,0.9099,733.0121166666665,64.75823333333332,0.0,0.0,668.2538833333332,0.0,10800.0,10057.495685185186
A,06:00-06:10,,38,06:10,360,0.9368,742.3353833333333,86.88005,0.0,0.0,655.4553333333333,0.0,10057.495685185186,9329.211981481481
A,06:10-06:20,,39,06:20,370,0.8758,728.6319833333333,112.12795,0.0,0.0,616.5040333333334,0.0,9329.211981481481,8644.2075
A,06:20-06:30,,40,06:30,380,0.8759,732.1588333333334,140.70434999999998,0.0,0.0,591.4544833333334,0.0,8644.2075,7987.035851851852
A,06:30-06:40,,41,06:40,390,0.8601,730.7659333333332,173.27906666666667,0.0,0.0,557.4868666666666,0.0,7987.035851851852,7367.606000000001
A,06:40-06:50,,42,06:50,400,0.8442,739.1292833333333,209.88958333333335,0.0,0.0,529.2397,0.0,7367.606000000001,6779.561888888889
A,06:50-07:00,,43,07:00,410,0.8334,753.90935,251.43863333333334,0.0,0.0,502.4707166666667,0.0,6779.561888888889,6221.261092592593
A,07:00-07:10,,44,07:10,420,0.8092,754.0120166666667,298.56845,0.0,0.0,455.4435666666667,0.0,6221.261092592593,5715.212685185185
A,07:10-07:20,,45,07:20,430,0.7972,757.6477833333333,347.5810833333333,0.0,0.0,410.0667,0.0,5715.212685185185,5259.583018518519
A,07:20-07:30,,46,07:30,440,0.7644,753.8736333333333,396.87685,0.0,0.0,356.99678333333327,0.0,5259.583018518519,4862.919925925926
A,07:30-07:40,,47,07:40,450,0.6899,730.5594333333333,447.1958666666667,0.00354247792172821,0.0,283.36002418874494,0.0,4862.919925925926,4548.0754546050985
A,07:40-07:50,,48,07:50,460,0.86,818.4099833333332,497.72586666666666,0.0,0.0,320.68411666666657,0.0,4548.0754546050985,4191.759769419913
A,07:50-08:00,,49,08:00,470,1.1617,966.6221166666666,548.2006666666666,0.0,0.0,418.42144999999994,0.0,4191.759769419913,3726.8470471976907
A,08:00-08:10,,50,08:10,480,1.1683,980.8043333333333,598.89355,0.0,0.0,381.91078333333326,0.0,3726.8470471976907,3302.501732382876
A,08:10-08:20,,51,08:20,490,1.0956,958.0118833333332,648.4555333333333,0.0,0.0,309.55634999999995,0.0,3302.501732382876,2958.550232382876
A,08:20-08:30,,52,08:30,500,1.0849,961.5096833333333,696.8902833333333,0.0,0.0,264.61940000000004,0.0,2958.550232382876,2664.5286768273204
A,08:30-08:40,,53,08:40,510,1.061,959.0350833333333,745.2942833333333,0.0,0.0,213.74080000000004,0.0,2664.5286768273204,2427.0388990495426
A,08:40-08:50,,54,08:50,520,1.043,970.6967833333333,792.1378666666666,0.0,0.0,178.55891666666673,0.0,2427.0388990495426,2228.640102753246
A,08:50-09:00,,55,09:00,530,1.036,992.3766833333334,836.9845666666666,0.0,0.0,155.39211666666677,0.0,2228.640102753246,2055.9821953458386
A,09:00-09:10,,56,09:10,540,1.0147,993.1616,880.9020999999999,0.0,0.0,112.25950000000012,0.0,2055.9821953458386,1931.2494175680606
A,09:10-09:20,,57,09:20,550,0.9922,988.2592333333333,923.8623666666667,0.0,0.0,64.3968666666666,0.0,1931.2494175680606,1859.6973434939866
A,09:20-09:30,,58,09:30,560,0.97,987.2971333333332,964.7348833333333,0.0,0.0,22.56224999999995,0.0,1859.6973434939866,1834.62817682732
A,09:30-09:40,,59,09:40,570,0.9422,984.5976666666667,1002.0217333333333,0.0,17.42406666666659,0.0,0.0,1834.62817682732,1850.30983682732
A,09:40-09:50,,60,09:50,580,0.9569,983.1877,1036.0254666666665,0.0,52.83776666666654,0.0,0.0,1850.30983682732,1897.8638268273198
A,09:50-10:00,,61,10:00,590,0.9977,983.7032666666667,1068.2656833333333,0.0,84.56241666666665,0.0,0.0,1897.8638268273198,1973.9700018273197
A,10:00-10:10,,62,10:10,600,0.9919,982.9132166666666,1099.8968,0.0,116.9835833333334,0.0,0.0,1973.9700018273197,2079.25522682732
A,10:10-10:20,,63,10:20,610,0.9588,981.1261333333333,1127.7867333333334,0.0,146.66060000000004,0.0,0.0,2079.25522682732,2211.24976682732
A,10:20-10:30,,64,10:30,620,0.9549,978.9118,1152.43205,0.0,173.52024999999992,0.0,0.0,2211.24976682732,2367.41799182732
A,10:30-10:40,,65,10:40,630,0.9839,976.3384666666667,1177.36755,0.0,201.02908333333323,0.0,0.0,2367.41799182732,2548.34416682732
A,10:40-10:50,,66,10:50,640,0.799,974.1658,1199.5719166666665,0.0,225.40611666666655,0.0,0.0,2548.34416682732,2751.2096718273197
A,10:50-11:00,,67,11:00,650,0.5025,973.1764499999999,1217.1857,0.0,244.00925000000007,0.0,0.0,2751.2096718273197,2970.81799682732
A,11:00-11:10,,68,11:10,660,0.4662,973.1183833333332,1231.2808,575.1709166666666,833.3333333333334,0.0,0.0,2970.81799682732,3720.81799682732
A,11:10-11:20,,69,11:20,670,0.5007,970.5729666666666,1243.2044999999998,0.0,272.6315333333332,0.0,0.0,3720.81799682732,3966.1863768273197
A,11:20-11:30,,70,11:30,680,0.4827,969.1322,1253.4531833333333,0.0,284.3209833333333,0.0,0.0,3966.1863768273197,4222.07526182732
A,11:30-11:40,,71,11:40,690,0.4785,972.06585,1261.3673166666667,179.27279796964942,468.57426463631623,0.0,0.0,4222.07526182732,4643.792100000004
A,11:40-11:50,,72,11:50,700,0.4662,952.1501666666666,1265.3589833333333,520.1245166666666,833.3333333333334,0.0,0.0,4643.792100000004,5393.792100000004
A,11:50-12:00,,73,12:00,710,0.4432,919.9101166666666,1266.84055,486.40290000000005,833.3333333333334,0.0,0.0,5393.792100000004,6143.792100000004
A,12:00-12:10,,74,12:10,720,0.4411,915.7984499999999,1268.7193333333332,480.41245000000004,833.3333333333334,0.0,0.0,6143.792100000004,6893.792100000004
A,12:10-12:20,,75,12:20,730,0.4551,919.0754,1267.1087333333332,485.30000000000007,833.3333333333334,0.0,0.0,6893.792100000004,7643.792100000004
A,12:20-12:30,,76,12:30,740,0.4463,914.3048333333332,1259.0312,488.6069666666667,833.3333333333334,0.0,0.0,7643.792100000004,8393.792100000004
A,12:30-12:40,,77,12:40,750,0.4113,910.3937999999999,1245.4564,498.2707333333333,833.3333333333334,0.0,0.0,8393.792100000004,9143.792100000004
A,12:40-12:50,,78,12:50,760,0.5682,927.6844333333333,1232.2361999999998,0.0,304.5517666666665,0.0,0.0,9143.792100000004,9417.888690000003
A,12:50-13:00,,79,13:00,770,0.8279,954.2924666666665,1218.79965,0.0,264.5071833333334,0.0,0.0,9417.888690000003,9655.945155000003
A,13:00-13:10,,80,13:10,780,0.8636,956.5826166666667,1199.0901666666666,0.0,242.50754999999992,0.0,0.0,9655.945155000003,9874.201950000002
A,13:10-13:20,,81,13:20,790,0.8416,952.4472666666667,1175.5228499999998,0.0,223.07558333333316,0.0,0.0,9874.201950000002,10074.969975000002
A,13:20-13:30,,82,13:30,800,0.8618,952.9750833333333,1151.7343999999998,0.0,198.75931666666656,0.0,0.0,10074.969975000002,10253.853360000001
A,13:30-13:40,,83,13:40,810,0.8623,951.3747666666666,1128.7345833333334,0.0,177.3598166666668,0.0,0.0,10253.853360000001,10413.477195000001
A,13:40-13:50,,84,13:50,820,0.9026,949.4863666666666,1101.2266666666665,0.0,151.74029999999982,0.0,0.0,10413.477195000001,10550.043465
A,13:50-14:00,,85,14:00,830,0.9754,948.7163833333334,1068.7514166666665,0.0,120.0350333333331,0.0,0.0,10550.043465,10658.074995
A,14:00-14:10,,86,14:10,840,1.0002,947.8548499999999,1035.6693,0.0,87.81445000000008,0.0,0.0,10658.074995,10737.108
A,14:10-14:20,,87,14:20,850,0.9978,946.4936666666667,1000.1185333333333,0.0,53.62486666666655,0.0,0.0,10737.108,10785.37038
A,14:20-14:30,,88,14:30,860,1.0271,944.9084666666665,961.1636,0.0,16.255133333333447,0.0,0.0,10785.37038,10800.0
A,14:30-14:40,,89,14:40,870,1.0906,944.0324666666667,920.2511,0.0,0.0,23.781366666666713,0.0,10800.0,10773.57625925926
A,14:40-14:50,,90,14:50,880,0.9376,945.4501833333334,878.1301666666666,0.0,0.0,67.32001666666679,0.0,10773.57625925926,10698.77624074074
A,14:50-15:00,,91,15:00,890,0.6694,947.0423999999999,834.9525333333332,112.0898666666667,0.0,0.0,0.0,10698.77624074074,10698.77624074074
A,15:00-15:10,,92,15:10,900,0.66,944.8365833333334,790.5747333333334,266.73269362139905,112.47084362139907,0.0,0.0,10698.77624074074,10800.0
A,15:10-15:20,,93,15:20,910,0.7217,942.7275166666666,745.204,197.52351666666664,0.0,0.0,0.0,10800.0,10800.0
A,15:20-15:30,,94,15:30,920,0.7308,942.8477833333333,698.03375,244.8140333333332,0.0,0.0,0.0,10800.0,10800.0
A,15:30-15:40,,95,15:40,930,0.7534,943.7668,648.2321833333333,295.5346166666667,0.0,0.0,0.0,10800.0,10800.0
A,15:40-15:50,,96,15:50,940,0.7823,944.8766,599.0990999999999,345.77750000000015,0.0,0.0,0.0,10800.0,10800.0
A,15:50-16:00,,97,16:00,950,0.8055,945.57945,550.6479666666667,394.9314833333333,0.0,0.0,0.0,10800.0,10800.0
A,16:00-16:10,,98,16:10,960,0.8271,945.1691000000001,499.73744999999997,445.4316500000001,0.0,0.0,0.0,10800.0,10800.0
A,16:10-16:20,,99,16:20,970,0.8519,943.5987666666666,447.90218333333337,495.69658333333325,0.0,0.0,0.0,10800.0,10800.0
A,16:20-16:30,,100,16:30,980,0.8791,944.3153666666667,397.1963166666667,547.11905,0.0,0.0,0.0,10800.0,10800.0
A,16:30-16:40,,101,16:40,990,0.9024,948.1728666666666,348.18743333333333,599.9854333333333,0.0,0.0,0.0,10800.0,10800.0
A,16:40-16:50,,102,16:50,1000,0.9163,933.9435666666666,298.5138166666667,635.4297499999999,0.0,-0.0,0.0,10800.0,10800.0
A,16:50-17:00,,103,17:00,1010,0.9264,911.1187333333334,250.28805,660.8306833333334,0.0,-0.0,0.0,10800.0,10800.0
A,17:00-17:10,,104,17:10,1020,0.9462,911.2323166666666,209.19538333333333,702.0369333333333,0.0,-0.0,0.0,10800.0,10800.0
A,17:10-17:20,,105,17:20,1030,0.9742,910.7878333333333,172.72205,738.0657833333333,0.0,-0.0,0.0,10800.0,10800.0
A,17:20-17:30,,106,17:30,1040,0.9862,915.4076333333334,139.46291666666667,775.9447166666666,0.0,-0.0,0.0,10800.0,10800.0
A,17:30-17:40,,107,17:40,1050,0.976,936.9551333333334,110.87188333333333,826.08325,0.0,0.0,0.0,10800.0,10800.0
A,17:40-17:50,,108,17:50,1060,1.0742,848.5354333333332,86.11263333333332,762.4227999999999,0.0,0.0,0.0,10800.0,10800.0
A,17:50-18:00,,109,18:00,1070,1.2313,701.4281333333333,64.44551666666666,636.9826166666667,0.0,-0.0,0.0,10800.0,10800.0
A,18:00-18:10,,110,18:10,1080,1.2561,687.1268499999999,45.96554999999999,531.8940499999999,0.0,109.26725000000005,0.0,10800.0,10678.591944444444
A,18:10-18:20,,111,18:20,1090,1.2447,709.3226333333333,30.492099999999997,678.8305333333333,0.0,0.0,0.0,10678.591944444444,10678.591944444444
A,18:20-18:30,,112,18:30,1100,1.2545,704.3254,18.0569,686.2684999999999,0.0,0.0,0.0,10678.591944444444,10678.591944444444
A,18:30-18:40,,113,18:40,1110,1.2522,705.5563999999999,9.052016666666667,696.5043833333333,0.0,0.0,0.0,10678.591944444444,10678.591944444444
A,18:40-18:50,,114,18:50,1120,1.2881,707.7437499999999,3.1094833333333334,0.0,0.0,704.6342666666666,0.0,10678.591944444444,9895.664981481481
A,18:50-19:00,,115,19:00,1130,1.3466,706.5299166666666,0.04588333333333333,0.0,0.0,706.4840333333333,0.0,9895.664981481481,9110.682722222222
A,19:00-19:10,,116,19:10,1140,1.3523,707.4447333333333,0.038266666666666664,0.0,0.0,707.4064666666666,0.0,9110.682722222222,8324.675537037037
A,19:10-19:20,,117,19:20,1150,1.3445,708.6531166666666,0.10011666666666666,0.0,0.0,708.553,0.0,8324.675537037037,7537.394425925927
A,19:20-19:30,,118,19:30,1160,1.3483,709.4468833333333,0.0,0.0,0.0,709.4468833333333,0.0,7537.394425925927,6749.120111111112
A,19:30-19:40,,119,19:40,1170,1.349,711.23245,0.0,0.0,0.0,711.23245,0.0,6749.120111111112,5958.861833333334
A,19:40-19:50,,120,19:50,1180,1.3473,711.6625,0.0,0.0,0.0,711.6625,0.0,5958.861833333334,5168.125722222223
A,19:50-20:00,,121,20:00,1190,1.3482,711.4450333333332,0.0,0.0,0.0,711.4450333333332,0.0,5168.125722222223,4377.631240740741
A,20:00-20:10,,122,20:10,1200,1.3513,713.7040833333333,0.0,0.0,0.0,713.7040833333333,0.0,4377.631240740741,3584.626703703704
A,20:10-20:20,,123,20:20,1210,1.34,715.28415,0.0,0.0,0.0,715.28415,0.0,3584.626703703704,2789.8665370370372
A,20:20-20:30,,124,20:30,1220,1.3489,715.22685,0.0,0.0,0.0,715.22685,0.0,2789.8665370370372,1995.170037037037
A,20:30-20:40,,125,20:40,1230,1.3952,715.6530333333333,0.0,0.0,0.0,715.6530333333333,0.0,1995.170037037037,1200.0
A,20:40-20:50,,126,20:50,1240,1.2226,715.8689166666666,0.0,715.8689166666666,0.0,-0.0,0.0,1200.0,1200.0
A,20:50-21:00,,127,21:00,1250,0.9332,717.0051166666667,0.0,717.0051166666667,0.0,0.0,0.0,1200.0,1200.0
A,21:00-21:10,,128,21:10,1260,0.9068,720.1603,0.0,720.1603,0.0,0.0,0.0,1200.0,1200.0
A,21:10-21:20,,129,21:20,1270,0.9371,717.0548666666666,0.0,717.0548666666666,0.0,0.0,0.0,1200.0,1200.0
A,21:20-21:30,,130,21:30,1280,0.9371,720.4459666666667,0.0,720.4459666666667,0.0,0.0,0.0,1200.0,1200.0
A,21:30-21:40,,131,21:40,1290,0.9871,738.1347166666666,0.0,738.1347166666666,0.0,-0.0,0.0,1200.0,1200.0
A,21:40-21:50,,132,21:50,1300,0.7764,671.6935666666666,0.0,671.6935666666666,0.0,-0.0,0.0,1200.0,1200.0
A,21:50-22:00,,133,22:00,1310,0.4209,560.4569833333333,0.0,1393.7903166666665,833.3333333333334,0.0,0.0,1200.0,1950.0
A,22:00-22:10,,134,22:10,1320,0.3859,551.5655666666667,0.0,1384.8989000000001,833.3333333333334,0.0,0.0,1950.0,2700.0
A,22:10-22:20,,135,22:20,1330,0.4368,568.8260499999999,0.0,568.8260499999999,0.0,0.0,0.0,2700.0,2700.0
A,22:20-22:30,,136,22:30,1340,0.4198,563.6552166666667,0.0,1396.98855,833.3333333333334,0.0,0.0,2700.0,3450.0
A,22:30-22:40,,137,22:40,1350,0.4186,564.4265333333333,0.0,1397.7598666666668,833.3333333333334,0.0,0.0,3450.0,4200.0
A,22:40-22:50,,138,22:50,1360,0.4241,566.7474333333332,0.0,566.7474333333332,0.0,0.0,0.0,4200.0,4200.0
A,22:50-23:00,,139,23:00,1370,0.4237,566.5404333333333,0.0,1399.8737666666666,833.3333333333334,0.0,0.0,4200.0,4950.0
A,23:00-23:10,,140,23:10,1380,0.4248,567.83015,0.0,567.83015,0.0,0.0,0.0,4950.0,4950.0
A,23:10-23:20,,141,23:20,1390,0.424,569.3586333333333,0.0,569.3586333333333,0.0,0.0,0.0,4950.0,4950.0
A,23:20-23:30,,142,23:30,1400,0.422,570.3301833333333,0.0,1403.6635166666665,833.3333333333334,0.0,0.0,4950.0,5700.0
A,23:30-23:40,,143,23:40,1410,0.424,571.6153833333333,0.0,904.9487166666667,333.3333333333333,0.0,0.0,5700.0,6000.0
A,23:40-23:50,,144,23:50,1420,0.4271,573.1768333333333,0.0,573.1768333333333,0.0,0.0,0.0,6000.0,6000.0
A,23:50-24:00,,145,24:00,1430,0.4276,574.1209833333332,0.0,574.1209833333332,0.0,0.0,0.0,6000.0,6000.0
